LiczbaElementów,IloczynSkalarnyCza,MnozenieWektorMacierzCzas
1400,0.0017546,0.0013905
1600,0.0022239,0.0017712
1800,0.0027625,0.0021941
2000,0.0036896,0.002791
2200,0.0042522,0.0034964
2400,0.0042287,0.0040251
2600,0.0053752,0.0045367
2800,0.0060187,0.0061707
3000,0.0076632,0.0065347
3200,0.0077334,0.0070043
